name,role,age
Dave,Sale Assistant,34
Robert,Product Expert,38
Jane,Marketing Manager,31
Dave,Sale Assistant,34
Robert,Product Expert,38
Jane,Marketing Manager,31
Dave,Sale Assistant,34
Robert,Product Expert,38
Jane,Marketing Manager,31
Jane,Marketing Manager,31
Dave,Sale Assistant,34
Robert,Product Expert,38
Jane,Marketing Manager,31
Dave,Sale Assistant,34
Robert,Product Expert,38
Jane,Marketing Manager,31
Dave,Sale Assistant,34
Robert,Product Expert,38
Jane,Marketing Manager,31
Jane,Marketing Manager,31
Dave,Sale Assistant,34
Robert,Product Expert,38
Jane,Marketing Manager,31
Dave,Sale Assistant,34
Robert,Product Expert,38
Jane,Marketing Manager,31
Dave,Sale Assistant,34
Robert,Product Expert,38
Jane,Marketing Manager,31
Jane,Marketing Manager,31
Dave,Sale Assistant,34
Robert,Product Expert,38
Jane,Marketing Manager,31
Dave,Sale Assistant,34
Robert,Product Expert,38
Jane,Marketing Manager,31
Dave,Sale Assistant,34
Robert,Product Expert,38
Jane,Marketing Manager,31
Jane,Marketing Manager,31
Dave,Sale Assistant,34
Robert,Product Expert,38
Jane,Marketing Manager,31
Dave,Sale Assistant,34
Robert,Product Expert,38
Jane,Marketing Manager,31
Dave,Sale Assistant,34
Robert,Product Expert,38
Jane,Marketing Manager,31
Jane,Marketing Manager,31
Dave,Sale Assistant,34
Robert,Product Expert,38
Jane,Marketing Manager,31
Dave,Sale Assistant,34
Robert,Product Expert,38
Jane,Marketing Manager,31
Dave,Sale Assistant,34
Robert,Product Expert,38
Jane,Marketing Manager,31
Jane,Marketing Manager,31
Dave,Sale Assistant,34
Robert,Product Expert,38
Jane,Marketing Manager,31
Dave,Sale Assistant,34
Robert,Product Expert,38
Jane,Marketing Manager,31
Dave,Sale Assistant,34
Robert,Product Expert,38
Jane,Marketing Manager,31
Jane,Marketing Manager,31
Dave,Sale Assistant,34
Robert,Product Expert,38
Jane,Marketing Manager,31
Dave,Sale Assistant,34
Robert,Product Expert,38
Jane,Marketing Manager,31
Dave,Sale Assistant,34
Robert,Product Expert,38
Jane,Marketing Manager,31
Jane,Marketing Manager,31
Dave,Sale Assistant,34
Robert,Product Expert,38
Jane,Marketing Manager,31
Dave,Sale Assistant,34
Robert,Product Expert,38
Jane,Marketing Manager,31
Dave,Sale Assistant,34
Robert,Product Expert,38
Jane,Marketing Manager,31
Jane,Marketing Manager,31
Dave,Sale Assistant,34
Robert,Product Expert,38
Jane,Marketing Manager,31
Dave,Sale Assistant,34
Robert,Product Expert,38
Jane,Marketing Manager,31
Dave,Sale Assistant,34
Robert,Product Expert,38
Jane,Marketing Manager,31
Jane,Marketing Manager,31
Dave,Sale Assistant,34
Robert,Product Expert,38
Jane,Marketing Manager,31
Dave,Sale Assistant,34
Robert,Product Expert,38
Jane,Marketing Manager,31
Dave,Sale Assistant,34
Robert,Product Expert,38
Jane,Marketing Manager,31
Jane,Marketing Manager,31
Dave,Sale Assistant,34
Robert,Product Expert,38
Jane,Marketing Manager,31
Dave,Sale Assistant,34
Robert,Product Expert,38
Jane,Marketing Manager,31
Dave,Sale Assistant,34
Robert,Product Expert,38
Jane,Marketing Manager,31
Jane,Marketing Manager,31
Dave,Sale Assistant,34
Robert,Product Expert,38
Jane,Marketing Manager,31
Dave,Sale Assistant,34
Robert,Product Expert,38
Jane,Marketing Manager,31
Dave,Sale Assistant,34
Robert,Product Expert,38
Jane,Marketing Manager,31
Jane,Marketing Manager,31
Dave,Sale Assistant,34
Robert,Product Expert,38
Jane,Marketing Manager,31
Dave,Sale Assistant,34
Robert,Product Expert,38
Jane,Marketing Manager,31
Dave,Sale Assistant,34
Robert,Product Expert,38
Jane,Marketing Manager,31
Jane,Marketing Manager,31
Dave,Sale Assistant,34
Robert,Product Expert,38
Jane,Marketing Manager,31
Dave,Sale Assistant,34
Robert,Product Expert,38
Jane,Marketing Manager,31
Dave,Sale Assistant,34
Robert,Product Expert,38
Jane,Marketing Manager,31
Jane,Marketing Manager,31
Dave,Sale Assistant,34
Robert,Product Expert,38
Jane,Marketing Manager,31
Dave,Sale Assistant,34
Robert,Product Expert,38
Jane,Marketing Manager,31
Dave,Sale Assistant,34
Robert,Product Expert,38
Jane,Marketing Manager,31
Jane,Marketing Manager,31
Dave,Sale Assistant,34
Robert,Product Expert,38
Jane,Marketing Manager,31
Dave,Sale Assistant,34
Robert,Product Expert,38
Jane,Marketing Manager,31
Dave,Sale Assistant,34
Robert,Product Expert,38
Jane,Marketing Manager,31
Jane,Marketing Manager,31
Dave,Sale Assistant,34
Robert,Product Expert,38
Jane,Marketing Manager,31
Dave,Sale Assistant,34
Robert,Product Expert,38
Jane,Marketing Manager,31
Dave,Sale Assistant,34
Robert,Product Expert,38
Jane,Marketing Manager,31
Jane,Marketing Manager,31
Dave,Sale Assistant,34
Robert,Product Expert,38
Jane,Marketing Manager,31
Dave,Sale Assistant,34
Robert,Product Expert,38
Jane,Marketing Manager,31
Dave,Sale Assistant,34
Robert,Product Expert,38
Jane,Marketing Manager,31
Jane,Marketing Manager,31
Dave,Sale Assistant,34
Robert,Product Expert,38
Jane,Marketing Manager,31
Dave,Sale Assistant,34
Robert,Product Expert,38
Jane,Marketing Manager,31
Dave,Sale Assistant,34
Robert,Product Expert,38
Jane,Marketing Manager,31
Jane,Marketing Manager,31
Dave,Sale Assistant,34
Robert,Product Expert,38
Jane,Marketing Manager,31
Dave,Sale Assistant,34
Robert,Product Expert,38
Jane,Marketing Manager,31
Dave,Sale Assistant,34
Robert,Product Expert,38
Jane,Marketing Manager,31
Jane,Marketing Manager,31
Dave,Sale Assistant,34
Robert,Product Expert,38
Jane,Marketing Manager,31
Dave,Sale Assistant,34
Robert,Product Expert,38
Jane,Marketing Manager,31
Dave,Sale Assistant,34
Robert,Product Expert,38
Jane,Marketing Manager,31
Jane,Marketing Manager,31
Dave,Sale Assistant,34
Robert,Product Expert,38
Jane,Marketing Manager,31
Dave,Sale Assistant,34
Robert,Product Expert,38
Jane,Marketing Manager,31
Dave,Sale Assistant,34
Robert,Product Expert,38
Jane,Marketing Manager,31
Jane,Marketing Manager,31
Dave,Sale Assistant,34
Robert,Product Expert,38
Jane,Marketing Manager,31
Dave,Sale Assistant,34
Robert,Product Expert,38
Jane,Marketing Manager,31
Dave,Sale Assistant,34
Robert,Product Expert,38
Jane,Marketing Manager,31
Jane,Marketing Manager,31
Dave,Sale Assistant,34
Robert,Product Expert,38
Jane,Marketing Manager,31
Dave,Sale Assistant,34
Robert,Product Expert,38
Jane,Marketing Manager,31
Dave,Sale Assistant,34
Robert,Product Expert,38
Jane,Marketing Manager,31
Jane,Marketing Manager,31
Dave,Sale Assistant,34
Robert,Product Expert,38
Jane,Marketing Manager,31
Dave,Sale Assistant,34
Robert,Product Expert,38
Jane,Marketing Manager,31
Dave,Sale Assistant,34
Robert,Product Expert,38
Jane,Marketing Manager,31
Jane,Marketing Manager,31
Dave,Sale Assistant,34
Robert,Product Expert,38
Jane,Marketing Manager,31
Dave,Sale Assistant,34
Robert,Product Expert,38
Jane,Marketing Manager,31
Dave,Sale Assistant,34
Robert,Product Expert,38
Jane,Marketing Manager,31
Jane,Marketing Manager,31
Dave,Sale Assistant,34
Robert,Product Expert,38
Jane,Marketing Manager,31
Dave,Sale Assistant,34
Robert,Product Expert,38
Jane,Marketing Manager,31
Dave,Sale Assistant,34
Robert,Product Expert,38
Jane,Marketing Manager,31
Jane,Marketing Manager,31
Dave,Sale Assistant,34
Robert,Product Expert,38
Jane,Marketing Manager,31
Dave,Sale Assistant,34
Robert,Product Expert,38
Jane,Marketing Manager,31
Dave,Sale Assistant,34
Robert,Product Expert,38
Jane,Marketing Manager,31
Jane,Marketing Manager,31
Dave,Sale Assistant,34
Robert,Product Expert,38
Jane,Marketing Manager,31
Dave,Sale Assistant,34
Robert,Product Expert,38
Jane,Marketing Manager,31
Dave,Sale Assistant,34
Robert,Product Expert,38
Jane,Marketing Manager,31
Jane,Marketing Manager,31
Dave,Sale Assistant,34
Robert,Product Expert,38
Jane,Marketing Manager,31
Dave,Sale Assistant,34
Robert,Product Expert,38
Jane,Marketing Manager,31
Dave,Sale Assistant,34
Robert,Product Expert,38
Jane,Marketing Manager,31
Jane,Marketing Manager,31
Dave,Sale Assistant,34
Robert,Product Expert,38
Jane,Marketing Manager,31
Dave,Sale Assistant,34
Robert,Product Expert,38
Jane,Marketing Manager,31
Dave,Sale Assistant,34
Robert,Product Expert,38
Jane,Marketing Manager,31
Jane,Marketing Manager,31
Dave,Sale Assistant,34
Robert,Product Expert,38
Jane,Marketing Manager,31
Dave,Sale Assistant,34
Robert,Product Expert,38
Jane,Marketing Manager,31
Dave,Sale Assistant,34
Robert,Product Expert,38
Jane,Marketing Manager,31
Jane,Marketing Manager,31
Dave,Sale Assistant,34
Robert,Product Expert,38
Jane,Marketing Manager,31
Dave,Sale Assistant,34
Robert,Product Expert,38
Jane,Marketing Manager,31
Dave,Sale Assistant,34
Robert,Product Expert,38
Jane,Marketing Manager,31
Jane,Marketing Manager,31
Dave,Sale Assistant,34
Robert,Product Expert,38
Jane,Marketing Manager,31
Dave,Sale Assistant,34
Robert,Product Expert,38
Jane,Marketing Manager,31
Dave,Sale Assistant,34
Robert,Product Expert,38
Jane,Marketing Manager,31
Jane,Marketing Manager,31
Dave,Sale Assistant,34
Robert,Product Expert,38
Jane,Marketing Manager,31
Dave,Sale Assistant,34
Robert,Product Expert,38
Jane,Marketing Manager,31
Dave,Sale Assistant,34
Robert,Product Expert,38
Jane,Marketing Manager,31
Jane,Marketing Manager,31
Dave,Sale Assistant,34
Robert,Product Expert,38
Jane,Marketing Manager,31
Dave,Sale Assistant,34
Robert,Product Expert,38
Jane,Marketing Manager,31
Dave,Sale Assistant,34
Robert,Product Expert,38
Jane,Marketing Manager,31
Jane,Marketing Manager,31
Dave,Sale Assistant,34
Robert,Product Expert,38
Jane,Marketing Manager,31
Dave,Sale Assistant,34
Robert,Product Expert,38
Jane,Marketing Manager,31
Dave,Sale Assistant,34
Robert,Product Expert,38
Jane,Marketing Manager,31
Jane,Marketing Manager,31
Dave,Sale Assistant,34
Robert,Product Expert,38
Jane,Marketing Manager,31
Dave,Sale Assistant,34
Robert,Product Expert,38
Jane,Marketing Manager,31
Dave,Sale Assistant,34
Robert,Product Expert,38
Jane,Marketing Manager,31
Jane,Marketing Manager,31
Dave,Sale Assistant,34
Robert,Product Expert,38
Jane,Marketing Manager,31
Dave,Sale Assistant,34
Robert,Product Expert,38
Jane,Marketing Manager,31
Dave,Sale Assistant,34
Robert,Product Expert,38
Jane,Marketing Manager,31
Jane,Marketing Manager,31
Dave,Sale Assistant,34
Robert,Product Expert,38
Jane,Marketing Manager,31
Dave,Sale Assistant,34
Robert,Product Expert,38
Jane,Marketing Manager,31
Dave,Sale Assistant,34
Robert,Product Expert,38
Jane,Marketing Manager,31
Jane,Marketing Manager,31
Dave,Sale Assistant,34
Robert,Product Expert,38
Jane,Marketing Manager,31
Dave,Sale Assistant,34
Robert,Product Expert,38
Jane,Marketing Manager,31
Dave,Sale Assistant,34
Robert,Product Expert,38
Jane,Marketing Manager,31
Jane,Marketing Manager,31
Dave,Sale Assistant,34
Robert,Product Expert,38
Jane,Marketing Manager,31
Dave,Sale Assistant,34
Robert,Product Expert,38
Jane,Marketing Manager,31
Dave,Sale Assistant,34
Robert,Product Expert,38
Jane,Marketing Manager,31
Jane,Marketing Manager,31
Dave,Sale Assistant,34
Robert,Product Expert,38
Jane,Marketing Manager,31
Dave,Sale Assistant,34
Robert,Product Expert,38
Jane,Marketing Manager,31
Dave,Sale Assistant,34
Robert,Product Expert,38
Jane,Marketing Manager,31
Jane,Marketing Manager,31
Dave,Sale Assistant,34
Robert,Product Expert,38
Jane,Marketing Manager,31
Dave,Sale Assistant,34
Robert,Product Expert,38
Jane,Marketing Manager,31
Dave,Sale Assistant,34
Robert,Product Expert,38
Jane,Marketing Manager,31
Jane,Marketing Manager,31
Dave,Sale Assistant,34
Robert,Product Expert,38
Jane,Marketing Manager,31
Dave,Sale Assistant,34
Robert,Product Expert,38
Jane,Marketing Manager,31
Dave,Sale Assistant,34
Robert,Product Expert,38
Jane,Marketing Manager,31
Jane,Marketing Manager,31
Dave,Sale Assistant,34
Robert,Product Expert,38
Jane,Marketing Manager,31
Dave,Sale Assistant,34
Robert,Product Expert,38
Jane,Marketing Manager,31
Dave,Sale Assistant,34
Robert,Product Expert,38
Jane,Marketing Manager,31
Jane,Marketing Manager,31
Dave,Sale Assistant,34
Robert,Product Expert,38
Jane,Marketing Manager,31
Dave,Sale Assistant,34
Robert,Product Expert,38
Jane,Marketing Manager,31
Dave,Sale Assistant,34
Robert,Product Expert,38
Jane,Marketing Manager,31
Jane,Marketing Manager,31
Dave,Sale Assistant,34
Robert,Product Expert,38
Jane,Marketing Manager,31
Dave,Sale Assistant,34
Robert,Product Expert,38
Jane,Marketing Manager,31
Dave,Sale Assistant,34
Robert,Product Expert,38
Jane,Marketing Manager,31
Jane,Marketing Manager,31
Dave,Sale Assistant,34
Robert,Product Expert,38
Jane,Marketing Manager,31
Dave,Sale Assistant,34
Robert,Product Expert,38
Jane,Marketing Manager,31
Dave,Sale Assistant,34
Robert,Product Expert,38
Jane,Marketing Manager,31
Jane,Marketing Manager,31
Dave,Sale Assistant,34
Robert,Product Expert,38
Jane,Marketing Manager,31
Dave,Sale Assistant,34
Robert,Product Expert,38
Jane,Marketing Manager,31
Dave,Sale Assistant,34
Robert,Product Expert,38
Jane,Marketing Manager,31
Jane,Marketing Manager,31
Dave,Sale Assistant,34
Robert,Product Expert,38
Jane,Marketing Manager,31
Dave,Sale Assistant,34
Robert,Product Expert,38
Jane,Marketing Manager,31
Dave,Sale Assistant,34
Robert,Product Expert,38
Jane,Marketing Manager,31
Jane,Marketing Manager,31
Dave,Sale Assistant,34
Robert,Product Expert,38
Jane,Marketing Manager,31
Dave,Sale Assistant,34
Robert,Product Expert,38
Jane,Marketing Manager,31
Dave,Sale Assistant,34
Robert,Product Expert,38
Jane,Marketing Manager,31
Jane,Marketing Manager,31
Dave,Sale Assistant,34
Robert,Product Expert,38
Jane,Marketing Manager,31
Dave,Sale Assistant,34
Robert,Product Expert,38
Jane,Marketing Manager,31
Dave,Sale Assistant,34
Robert,Product Expert,38
Jane,Marketing Manager,31
Jane,Marketing Manager,31
Dave,Sale Assistant,34
Robert,Product Expert,38
Jane,Marketing Manager,31
Dave,Sale Assistant,34
Robert,Product Expert,38
Jane,Marketing Manager,31
Dave,Sale Assistant,34
Robert,Product Expert,38
Jane,Marketing Manager,31
Jane,Marketing Manager,31
Dave,Sale Assistant,34
Robert,Product Expert,38
Jane,Marketing Manager,31
Dave,Sale Assistant,34
Robert,Product Expert,38
Jane,Marketing Manager,31
Dave,Sale Assistant,34
Robert,Product Expert,38
Jane,Marketing Manager,31
Jane,Marketing Manager,31
Dave,Sale Assistant,34
Robert,Product Expert,38
Jane,Marketing Manager,31
Dave,Sale Assistant,34
Robert,Product Expert,38
Jane,Marketing Manager,31
Dave,Sale Assistant,34
Robert,Product Expert,38
Jane,Marketing Manager,31
Jane,Marketing Manager,31
Dave,Sale Assistant,34
Robert,Product Expert,38
Jane,Marketing Manager,31
Dave,Sale Assistant,34
Robert,Product Expert,38
Jane,Marketing Manager,31
Dave,Sale Assistant,34
Robert,Product Expert,38
Jane,Marketing Manager,31
Jane,Marketing Manager,31
Dave,Sale Assistant,34
Robert,Product Expert,38
Jane,Marketing Manager,31
Dave,Sale Assistant,34
Robert,Product Expert,38
Jane,Marketing Manager,31
Dave,Sale Assistant,34
Robert,Product Expert,38
Jane,Marketing Manager,31
Jane,Marketing Manager,31
Dave,Sale Assistant,34
Robert,Product Expert,38
Jane,Marketing Manager,31
Dave,Sale Assistant,34
Robert,Product Expert,38
Jane,Marketing Manager,31
Dave,Sale Assistant,34
Robert,Product Expert,38
Jane,Marketing Manager,31
Jane,Marketing Manager,31
